[
  {
    "DIR_SETTING": {
      "image_dir": "",
      "label_dir": "",
      "train_sample": "data/train/DeepGlobe",
      "trainProcessdata": "train_data_cache",
      "json_file_dir": "",
      "root_dir": "data/train/DeepGlobe"
    }
  },
  {
    "DATA_SETTING": {
      "deep_lodader_type": "512_512",
      "train_size": 0.85,
      "use_blank": 0,
      "random_state": 8,
      "input_normalization": false,
      "trainDataEnchance": true,
      "valDataEnchance": false,
      "pretrained": false,
      "data_plus": false,
      "multi_scale_pred": false
    }
  },
  {
    "OPTIMIZER_SETTING": {
      "LOSS_FCT": "topological_loss",
      "OPTIMIZER": "Adam(AMSGrad)",
      "LR_SCHEDULER": "POLY",
      "MOMENTUM": 0.9,
      "WEIGHT_DECAY": 0.0005,
      "LR_INIT": 0.005,
      "LR_END": 0.000001,
      "WARMUP_EPOCHS": 0
    }
  },
  {
    "TRAIN_SETTING": {
      "runType": "Train",
      "TRAIN_IMG_SIZE": [3, 512, 512],
      "DATA_TYPE": "DeepGlobe_512x512",
      "CLASS_NUM": 1,
      "MODEL_TYPE": "MSMDFF_USE_SCMD",
      "BATCH_SIZE": 6,
      "TRAIN_PIN_MEMOR": true,
      "IOU_THRESHOLD_LOSS": 0.375,
      "EPOCHS": 200, 
      "NUMBER_WORKERS": 0,
      "MULTI_SCALE_TRAIN": true,
      "ROTATE": [0, 30, 60, 120, 150],
      "hsv_T": true,
      "shuffle": true
    }
  },
  {
    "TEST_SETTING": {
      "DISPLAY_FREQ": 1,
      "TEST_IMG_SIZE": [3, 512, 512],
      "BATCH_SIZE": 1,
      "NUMBER_WORKERS": 0,
      "TEST_PIN_MEMOR": true,
      "CONF_THRESH": 0.01,
      "NMS_THRESH": 0.5,
      "MULTI_SCALE_TEST": false,
      "FLIP_TEST": false
    }
  },
  {
    "BEI_ZHU": {
      "main": "default:soft iou + bce loss"
    }
  },
  {
    "CONFIG_NAME": "general_cfg"
  }
]